account_id,customer_id,balance,open_date,product,close_date
001,1,0,14/11/2019,Easy Access,null
002,2,0,03/05/2019,Easy Access,null
003,3,0,13/05/2021,Easy Access,null
004,66,0,08/11/2021,Easy Access,null
005,86,0,21/06/2021,Easy Access,null
006,1384,1000,24/05/2019,Easy Access ISA,null
007,1329,20000,14/11/2019,Easy Access ISA,null
008,1328,25000,21/12/2020,Easy Access,null
009,1327,25000,18/09/2017,Notice Access,null
010,1326,0,06/08/2019,Easy Access,null
011,1325,20000,20/10/2021,Fixed Bonds,19/10/2022
012,1324,2510,29/04/2021,Easy Access,null
013,1323,69881.14,15/10/2019,Easy Access,null
014,1322,6000,15/01/2021,Fixed Bonds,14/01/2022
015,1321,39268.51,22/10/2021,Easy Access,null
016,1320,42001,21/07/2019,Notice Access,null
017,1319,0,07/08/2021,Notice Access,null
018,1318,0,01/10/2020,Easy Access,null
019,1382,0,22/03/2021,Notice Access,null
020,1223,55094.6,27/10/2021,Fixed Bonds,26/10/2022
021,1222,0,24/06/2020,Easy Access,null
022,1221,34675.61,27/01/2020,Notice Access,null
023,1220,5141.23,12/02/2020,Fixed Bonds,11/02/2022
024,1219,50464.99,13/01/2017,Notice Access,null
025,1218,76721.36,28/04/2021,Fixed Bonds,27/04/2022
026,1217,77251.2,05/04/2016,Notice Access,null
027,1217,29527.23,18/01/2016,Notice Access,null
028,1190,35228.29,22/03/2021,Fixed Bonds,21/09/2022
029,1189,100,05/11/2021,Notice Access,null
030,1188,89403.23,10/06/2021,Fixed Bonds,09/06/2022
031,1385,5100,25/06/2021,Fixed Bonds,24/06/2022
032,1310,20309.68,04/12/2015,Notice Access,null
033,396,35486.77,18/09/2015,Notice Access,null
034,397,25000,16/05/2016,Notice Access,null
035,398,73917.64,14/09/2021,Notice Access,20/07/2022
036,399,20122.62,05/05/2021,Fixed Bonds,29/07/2022
037,400,20000,01/06/2021,Fixed Bonds,null
038,401,10000,30/07/2021,Easy Access,04/05/2022
039,402,1000,12/11/2021,Fixed Bonds,29/05/2023
040,403,61082.2,30/11/2021,Fixed Bonds,null
041,404,63911.66,09/02/2021,Fixed Bonds,22/04/2022
042,405,1000,21/07/2021,Fixed Bonds,25/04/2023
043,406,19939.9,08/11/2021,Fixed Bonds,null
044,407,14386.22,04/03/2021,Notice Access,null
045,408,84793.4,28/01/2019,Notice Access,08/02/2023
046,409,74222.97,18/09/2015,Notice Access,null
047,410,40836.78,26/04/2021,Fixed Bonds,13/03/2023
048,411,14000,23/04/2021,Fixed Bonds,11/11/2022
049,412,1,30/12/2020,Easy Access,null
050,413,32000,13/02/2017,Notice Access,null
051,414,41280.11,14/12/2017,Notice Access,null
052,415,14000,17/10/2016,Notice Access,null
053,416,35858.87,31/03/2021,Fixed Bonds,30/03/2022
054,1309,33890.16,05/07/2020,Fixed Bonds,04/07/2022
055,1308,36304.26,24/06/2021,Fixed Bonds,23/06/2022
056,1307,1000,03/09/2021,Fixed Bonds,02/09/2023
057,1306,20122.66,18/10/2021,Fixed Bonds,17/04/2023
058,1305,82257.81,30/09/2021,Fixed Bonds,29/09/2022
059,1304,1,10/06/2019,Notice Access,null
060,1303,10,09/03/2020,Easy Access,null
061,1302,15005,29/03/2021,Fixed Bonds,28/03/2022
062,1301,1000,22/01/2021,Fixed Bonds,21/01/2022
063,1300,1000,30/03/2017,Notice Access,null
064,1299,1000,24/06/2013,Notice Access,null
065,1317,15002.17,16/12/2020,Easy Access,null
066,1380,100,07/05/2020,Easy Access,null
067,1379,11600,16/03/2021,Notice Access,null
068,1378,8.15,06/06/2019,Easy Access,null
069,1377,68981.98,12/06/2020,Easy Access,null
070,1376,5704.53,07/02/2013,Notice Access,null
071,1375,10000,14/06/2021,Fixed Bonds,13/06/2022
072,1342,2000,07/02/2021,Fixed Bonds,06/02/2023
073,1340,1000,19/09/2017,Fixed Bonds,18/09/2022
074,1338,20000,22/10/2021,Fixed Bonds,21/10/2024
075,1333,1000,19/05/2021,Fixed Bonds,18/05/2022
076,1332,89748.61,19/06/2020,Notice Access,null
077,1331,10000,25/11/2014,Notice Access,null
078,1330,2000,07/11/2020,Easy Access,null
079,1374,1000,20/04/2020,Easy Access,null
080,1373,10,08/09/2021,Easy Access,null
081,1338,2000,07/09/2017,Notice Access,null
082,1338,9000,26/06/2017,Notice Access,null
083,1315,1500,10/06/2019,Notice Access,null
084,1381,21000,08/06/2018,Easy Access,null
085,1,1000,06/10/2021,Fixed Bonds,05/10/2024
086,1314,10000,23/03/2021,Fixed Bonds,22/09/2022
087,1,1000,28/02/2020,Easy Access,null
088,1383,40000,19/04/2021,Notice Access,null
089,1311,1000,03/11/2021,Easy Access,null
090,1297,1,13/12/2019,Easy Access,null
091,1296,20000,08/07/2020,Easy Access,null
092,1294,1000,18/11/2020,Easy Access,null
093,1293,20000,07/04/2020,Easy Access,null
094,1272,20000,21/05/2020,Easy Access,null
095,1271,8000,22/09/2020,Easy Access,null
096,1270,14085.71,23/04/2021,Fixed Bonds,22/04/2023
097,1269,1000,03/12/2020,Easy Access,null
098,1267,2000,22/05/2020,Easy Access,null
099,1,3500,28/05/2020,Easy Access,null
100,1235,1021,23/10/2020,Easy Access,null
101,739,10,22/05/2020,Easy Access,null
102,1298,20000,23/01/2019,Notice Access,null
103,738,1000,07/05/2021,Easy Access,null
104,736,1000,30/03/2021,Easy Access,null
105,1295,1000,07/07/2021,Fixed Bonds,21/03/2022
106,1236,20000,21/07/2020,Easy Access,28/04/2023
107,735,2,10/10/2021,Notice Access,null
108,1268,85000,07/05/2021,Fixed Bonds,null
109,1291,1000,30/06/2021,Fixed Bonds,null
110,1290,4250,08/07/2020,Fixed Bonds,null
111,1289,1000,24/02/2021,Easy Access,25/07/2022
112,1288,3236.22,13/06/2017,Notice Access,null
113,1287,1000,11/11/2020,Fixed Bonds,null
114,1286,25000,30/05/2020,Easy Access,23/02/2023
115,1285,3000,15/02/2021,Fixed Bonds,22/02/2023
116,1284,40000,13/01/2020,Easy Access,null
117,1283,11468.7,18/05/2020,Easy Access,null
118,1282,10,23/02/2021,Easy Access,null
119,1281,20000,22/03/2021,Fixed Bonds,09/10/2022
120,1280,8000,26/07/2021,Fixed Bonds,29/06/2023
121,1279,5000,29/04/2021,Notice Access,01/07/2022
122,1278,20000,02/07/2021,Notice Access,null
123,1277,1000,11/09/2020,Easy Access,null
124,1276,3990,30/10/2020,Easy Access,null
125,1275,20000,16/10/2020,Easy Access,null
126,1274,1001,30/11/2020,Easy Access,null
127,1273,50000,16/07/2020,Easy Access,null
128,1266,1000,11/11/2020,Easy Access,null
129,1265,40000,19/10/2020,Easy Access,null
130,1264,10,25/06/2021,Easy Access,null
131,1263,5000,02/01/2018,Fixed Bonds,01/01/2023
132,1262,20000,27/01/2021,Notice Access,null
133,1261,1000,03/02/2021,Easy Access,null
134,1260,1000,04/06/2020,Easy Access,null
135,1259,1000,27/09/2021,Notice Access,null
136,1258,20000,24/02/2020,Easy Access,null
137,1257,1000,01/11/2021,Easy Access,null
138,1256,14541.93,25/11/2021,Notice Access,null
139,1233,10000,27/02/2020,Fixed Bonds,26/02/2022
140,1232,10000,17/02/2021,Easy Access,null
141,1231,1000,26/05/2020,Notice Access,null
142,1230,5000,15/11/2018,Fixed Bonds,16/02/2022
143,1216,10,20/07/2020,Easy Access,null
144,592,15000,22/08/2017,Fixed Bonds,21/08/2022
145,512,1,07/10/2015,Notice Access,null
146,492,1100,15/08/2017,Fixed Bonds,14/08/2022
147,493,16157.14,03/12/2021,Fixed Bonds,02/12/2023
148,494,1000,21/11/2017,Fixed Bonds,20/11/2022
149,496,10000,12/05/2020,Easy Access,null
150,497,2000,03/10/2017,Fixed Bonds,02/10/2022
151,500,1000,23/08/2021,Fixed Bonds,22/08/2022
152,501,25000,28/02/2017,Fixed Bonds,27/02/2022
153,502,1000,24/05/2016,Notice Access,null
154,503,4600,25/03/2021,Fixed Bonds,24/03/2022
155,504,18800,28/06/2021,Fixed Bonds,27/06/2022
156,505,1050,17/08/2021,Fixed Bonds,16/08/2022
157,1253,10000,24/06/2019,Notice Access,null
158,1252,10,03/09/2021,Easy Access,null
159,1251,1000,21/06/2021,Fixed Bonds,20/06/2026
160,1250,1079,18/11/2020,Fixed Bonds,13/06/2022
161,1249,1,14/06/2021,Easy Access,null
162,1248,1,13/11/2020,Easy Access,null
163,1247,2500,25/10/2021,Fixed Bonds,24/10/2022
164,1243,8000,11/07/2017,Fixed Bonds,10/07/2022
165,1242,20000,06/04/2020,Fixed Bonds,05/04/2022
166,1241,1000,17/10/2017,Fixed Bonds,16/10/2022
167,1240,10000,10/05/2021,Fixed Bonds,09/05/2022
168,1239,1000,30/06/2021,Fixed Bonds,29/06/2022
169,1238,40446.58,14/11/2017,Fixed Bonds,13/11/2022
170,1237,1000,28/09/2017,Notice Access,null
171,507,63124.47,17/08/2021,Fixed Bonds,16/08/2022
172,510,16546.16,12/11/2021,Fixed Bonds,11/11/2022
173,542,17159.17,18/05/2020,Fixed Bonds,17/05/2022
174,544,31913.5,14/07/2020,Fixed Bonds,13/07/2022
175,546,24815.93,21/07/2020,Easy Access,null
176,548,20349.29,22/06/2020,Notice Access,null
177,550,70842.43,23/06/2021,Fixed Bonds,22/06/2022
178,552,25000,13/09/2021,Notice Access,null
179,553,1000,28/10/2021,Easy Access,27/04/2023
180,554,24905.31,03/06/2021,Fixed Bonds,null
181,555,4000,01/07/2020,Easy Access,null
182,556,8000,10/10/2017,Fixed Bonds,09/10/2022
183,557,26767,05/09/2017,Fixed Bonds,04/09/2022
184,558,42559.55,30/06/2020,Easy Access,null
185,1201,52900.12,06/12/2019,Easy Access,null
186,1200,16419.32,18/07/2017,Fixed Bonds,17/07/2022
187,1199,1000,12/12/2017,Fixed Bonds,11/12/2022
188,1198,20000,30/11/2021,Notice Access,null
189,1197,2500,01/12/2021,Easy Access,29/11/2023
190,1196,84500,30/06/2016,Fixed Bonds,30/11/2023
191,1195,62024.74,13/10/2021,Fixed Bonds,null
192,1194,27809.17,26/04/2021,Fixed Bonds,25/04/2022
193,1193,78588.41,26/06/2020,Easy Access,null
194,1192,13262.73,15/07/2020,Easy Access,null
195,1191,10,14/07/2020,Easy Access,null
196,665,75722.27,08/08/2017,Fixed Bonds,07/08/2022
197,667,10000,17/09/2018,Fixed Bonds,16/09/2023
198,669,1000,01/08/2017,Fixed Bonds,31/07/2022
199,671,10000,12/06/2020,Easy Access,null
200,673,5000,28/06/2021,Easy Access,null
201,675,24752.12,27/06/2017,Fixed Bonds,26/06/2022
202,677,20000,22/12/2021,Fixed Bonds,21/12/2022
203,678,80236.25,03/09/2021,Fixed Bonds,02/09/2026
204,682,58000,01/07/2021,Notice Access,null
205,686,2506.76,09/06/2021,Notice Access,null
206,690,11001.51,01/06/2021,Fixed Bonds,31/05/2022
207,694,76599.78,25/07/2017,Fixed Bonds,24/07/2022
208,698,99957,14/11/2019,Notice Access,null
209,699,24770.32,17/01/2020,Notice Access,null
210,700,5733.14,12/09/2017,Fixed Bonds,11/09/2022
211,701,1000,03/12/2021,Notice Access,null
212,703,29034.2,29/08/2017,Fixed Bonds,28/08/2022
213,709,1,19/10/2020,Easy Access,null
214,710,75000,15/02/2021,Easy Access,null
215,711,6709.43,03/08/2021,Fixed Bonds,02/08/2023
216,711,82641.15,19/12/2017,Fixed Bonds,18/12/2022
217,448,12063.75,07/03/2017,Fixed Bonds,06/03/2022
218,449,14127.37,29/06/2020,Easy Access,null
219,450,10,21/11/2019,Easy Access,null
220,451,20000,07/06/2020,Fixed Bonds,06/06/2022
221,452,10000,21/08/2017,Notice Access,null
222,453,61164.64,05/08/2021,Fixed Bonds,04/08/2022
223,454,15485.53,26/04/2021,Fixed Bonds,25/04/2022
224,455,82633.63,28/03/2017,Notice Access,null
225,456,81364.48,13/04/2021,Easy Access,null
226,457,83889.51,18/05/2021,Fixed Bonds,17/05/2022
227,458,50402.44,20/04/2021,Fixed Bonds,19/04/2022
228,459,5000,09/06/2020,Easy Access,null
229,460,10000,02/02/2018,Notice Access,null
230,461,50000,26/10/2021,Fixed Bonds,25/10/2022
231,462,31457.33,26/01/2021,Easy Access,null
232,463,16596.3,10/07/2020,Easy Access,null
233,464,80000,02/06/2021,Fixed Bonds,01/06/2022
234,468,80000,31/10/2017,Fixed Bonds,30/10/2022
235,476,214556.31,07/09/2018,Easy Access,null
236,663,80000,26/01/2021,Notice Access,25/01/2022
237,663,86567,28/09/2021,Fixed Bonds,null
238,418,85261.56,14/03/2017,Fixed Bonds,13/03/2022
239,419,20000,17/09/2018,Fixed Bonds,16/09/2023
240,420,85113.87,17/10/2015,Easy Access,null
241,421,53765.86,20/03/2020,Easy Access,null
242,422,32496.93,06/06/2017,Fixed Bonds,05/06/2022
243,423,5745.33,27/07/2020,Fixed Bonds,26/01/2022
244,424,25000,05/05/2021,Fixed Bonds,04/05/2022
245,425,13919.7,22/07/2020,Fixed Bonds,21/01/2022
246,426,85000,21/06/2016,Notice Access,null
247,427,33443.09,27/01/2020,Notice Access,null
248,428,13019.71,14/05/2020,Easy Access,null
249,429,17267.27,30/05/2017,Fixed Bonds,29/05/2022
250,429,82637.3,23/03/2020,Easy Access,null
251,430,11466.6,30/05/2017,Easy Access,null
252,438,13314.35,17/12/2014,Notice Access,null
253,439,70660.45,29/12/2021,Fixed Bonds,null
254,439,53425.22,24/05/2021,Easy Access,23/05/2023
255,439,13628.27,25/11/2013,Notice Access,null
256,440,41700.41,22/04/2019,Fixed Bonds,21/04/2022
257,441,39047,21/05/2021,Fixed Bonds,20/05/2022
258,442,54487.3,21/02/2017,Fixed Bonds,20/02/2022
259,443,84988.31,28/02/2020,Easy Access,null
260,444,19809.17,29/01/2016,Notice Access,null
261,445,43717.72,16/08/2021,Fixed Bonds,15/08/2022
262,446,31135.31,30/10/2021,Fixed Bonds,29/10/2023
263,447,84671.52,13/07/2016,Notice Access,null
264,1136,47596.44,23/05/2017,Fixed Bonds,22/05/2022
265,1135,65514.1,14/07/2020,Fixed Bonds,13/01/2022
266,1134,31519.35,19/09/2020,Easy Access,null
267,1133,80406.01,13/06/2017,Fixed Bonds,12/06/2022
268,1132,21225.11,18/08/2017,Notice Access,null
269,1131,16767.14,15/08/2021,Fixed Bonds,14/08/2022
270,1125,12790.76,18/08/2021,Fixed Bonds,17/08/2022
271,1124,37800.41,28/01/2020,Notice Access,null
272,1123,43366.47,29/01/2021,Fixed Bonds,28/01/2023
273,1122,11896.07,19/07/2018,Notice Access,null
274,1121,16355.07,04/09/2018,Notice Access,null
275,1120,20252.04,03/12/2018,Easy Access,null
276,1119,21741.07,18/07/2019,Notice Access,null
277,1118,74044.77,15/09/2021,Fixed Bonds,14/09/2022
278,1117,21230.4,20/08/2019,Notice Access,null
279,1116,77020.72,09/04/2018,Notice Access,null
280,1115,20171.15,28/11/2017,Fixed Bonds,27/11/2022
281,1114,26197.07,06/08/2020,Fixed Bonds,05/02/2022
282,1113,25762.09,24/06/2019,Notice Access,null
283,1112,16664.3,25/01/2019,Easy Access,null
284,417,40705.11,15/01/2019,Notice Access,null
285,1040,61901.38,19/05/2021,Fixed Bonds,18/11/2022
286,395,20418.12,03/07/2020,Easy Access,null
287,1080,82500,07/02/2021,Easy Access,null
288,1071,50208.3,29/07/2019,Notice Access,null
289,1082,20982.17,31/01/2020,Notice Access,null
290,1081,16716.94,19/06/2020,Easy Access,null
291,1074,10613.49,05/12/2021,Fixed Bonds,04/06/2023
292,1073,14716.07,17/11/2021,Fixed Bonds,16/11/2022
293,1072,50811.73,09/11/2020,Easy Access,null
294,1070,50810.31,18/02/2020,Notice Access,null
295,1070,29502.51,06/04/2020,Notice Access,null
296,1070,11557.31,07/11/2017,Fixed Bonds,06/11/2022
297,1069,30156.38,18/06/2015,Notice Access,null
298,1065,42994.02,23/12/2020,Easy Access,null
299,1046,8017.44,18/12/2020,Notice Access,null
300,1043,37486.43,24/12/2020,Notice Access,null
301,1020,20000,18/12/2020,Notice Access,null
302,1019,67233.02,04/07/2017,Fixed Bonds,03/07/2022
303,1018,85216.09,20/04/2020,Easy Access,null
304,1017,85000,04/01/2021,Notice Access,null
305,1015,85000,04/02/2021,Notice Access,null
306,1064,64652.19,06/04/2020,Notice Access,null
307,1059,50015.89,05/02/2021,Notice Access,null
308,1058,85000,08/02/2021,Notice Access,null
309,1058,85000,22/09/2020,Easy Access,null
310,1055,86000,06/04/2020,Notice Access,null
311,1052,80000,07/06/2021,Notice Access,null
312,1049,140000,24/06/2021,Fixed Bonds,23/06/2022
313,1014,80200.79,01/11/2018,Easy Access,null
314,1013,10000,15/06/2020,Easy Access,null
315,1012,500,05/11/2021,Notice Access,null
316,1011,1000,05/02/2021,Notice Access,null
317,1010,27000,13/06/2014,Notice Access,null
318,1009,7000,06/03/2021,Fixed Bonds,05/03/2023
319,1008,1000,23/04/2021,Notice Access,null
320,1007,1,22/01/2021,Easy Access,null
321,1005,1000,22/01/2021,Fixed Bonds,22/02/2022
322,1004,10000,30/06/2021,Easy Access,null
323,1002,10001,01/07/2021,Fixed Bonds,24/08/2024
324,1002,1000,05/07/2021,Fixed Bonds,05/09/2022
325,2,1000,09/08/2021,Fixed Bonds,23/05/2022
326,2,13000,03/12/2021,Notice Access,null
327,3,100000,15/02/2021,Easy Access,null
328,1078,5000,18/09/2017,Notice Access,null
329,1077,16000,06/09/2021,Notice Access,null
330,1076,3400,24/05/2021,Notice Access,null
331,1075,1000,01/07/2021,Notice Access,null
332,1037,20000,19/04/2021,Notice Access,null
333,1034,16000,22/01/2021,Notice Access,null
334,1031,25000,10/02/2021,Fixed Bonds,01/03/2022
335,1028,10000,16/02/2021,Notice Access,null
336,1025,1000,22/10/2018,Notice Access,null
337,1022,1000,05/10/2021,Fixed Bonds,15/02/2022
338,2,21000,23/02/2021,Fixed Bonds,05/04/2022
339,1006,1000,04/03/2021,Fixed Bonds,22/04/2022
340,1021,1000,17/01/2014,Notice Access,null
341,4,2000,10/08/2020,Notice Access,null
342,5,22000,24/02/2016,Notice Access,null
343,6,10000,23/06/2014,Notice Access,null
344,7,11000,06/10/2021,Notice Access,null
345,7,20000,12/07/2021,Notice Access,null
346,7,1500,06/04/2021,Notice Access,null
347,8,10000,01/06/2021,Fixed Bonds,27/09/2023
348,9,2000,06/12/2021,Notice Access,null
349,10,8264.11,09/08/2021,Fixed Bonds,29/06/2022
350,10,20000,25/08/2021,Notice Access,null
351,11,5000,28/09/2021,Easy Access,null
352,12,5000,06/12/2021,Notice Access,null
353,13,10600,01/12/2021,Notice Access,null
354,14,4500,02/03/2020,Notice Access,null
355,15,7000,16/04/2018,Notice Access,null
356,16,50000,03/07/2020,Fixed Bonds,02/07/2022
357,17,16000,19/11/2021,Notice Access,null
358,18,100,05/08/2020,Easy Access,null
359,19,36000,21/06/2021,Fixed Bonds,20/06/2022
360,20,20000,24/04/2015,Notice Access,null
361,21,5005.63,07/06/2021,Notice Access,null
362,30,12953.11,04/05/2021,Fixed Bonds,03/11/2022
363,31,54035.42,18/01/2021,Fixed Bonds,17/01/2022
364,33,25661.52,23/01/2018,Fixed Bonds,22/01/2023
365,33,35500,05/11/2015,Notice Access,null
366,34,25000,21/03/2017,Fixed Bonds,20/03/2022
367,35,20000,27/04/2021,Fixed Bonds,26/04/2022
368,36,25000,06/03/2021,Fixed Bonds,05/03/2024
369,37,20000,20/03/2018,Fixed Bonds,19/03/2023
370,38,10000,30/08/2021,Fixed Bonds,29/08/2022
371,39,25000,17/06/2020,Easy Access,null
372,40,1000,14/08/2018,Notice Access,null
373,41,50000,25/10/2019,Notice Access,null
374,42,20000,08/12/2016,Notice Access,null
375,43,1000,14/08/2020,Notice Access,null
376,44,1,15/04/2020,Easy Access,null
377,45,50000,25/03/2020,Easy Access,null
378,46,20000,16/11/2021,Notice Access,null
379,47,17000,22/04/2021,Fixed Bonds,21/04/2022
380,48,5000,26/11/2015,Notice Access,null
381,49,51000,09/12/2021,Fixed Bonds,08/12/2022
382,50,1000,14/09/2020,Fixed Bonds,13/09/2022
383,51,1000,04/05/2021,Fixed Bonds,03/05/2022
384,52,1010,09/11/2021,Notice Access,null
385,53,15000,08/04/2019,Easy Access,null
386,54,25000,21/03/2021,Easy Access,null
387,54,10000,12/11/2021,Notice Access,null
388,64,3110,07/06/2021,Fixed Bonds,06/12/2022
389,65,49001,06/11/2021,Fixed Bonds,05/11/2022
390,66,1005,09/04/2020,Easy Access,null
391,67,1000,18/12/2019,Easy Access,null
392,68,10000,18/06/2020,Notice Access,null
393,70,20000,12/10/2012,Notice Access,null
394,73,8000,14/08/2020,Easy Access,null
395,74,86454.92,14/10/2020,Easy Access,null
396,75,16000,24/06/2021,Notice Access,null
397,76,20000,16/12/2020,Easy Access,null
398,77,100000,17/05/2021,Fixed Bonds,16/11/2022
399,79,2000,08/05/2017,Notice Access,null
400,80,1000,07/05/2020,Easy Access,null
401,82,2000,13/07/2021,Easy Access,null
402,83,40000,04/08/2014,Notice Access,null
403,84,20000,05/07/2021,Notice Access,null
404,85,56670.96,07/04/2020,Easy Access,null
405,87,1000,07/12/2021,Notice Access,null
406,87,10000,02/07/2021,Notice Access,null
407,91,84000,23/12/2021,Fixed Bonds,22/12/2022
408,92,1,17/04/2018,Notice Access,null
409,93,50000,17/04/2018,Fixed Bonds,16/04/2023
410,94,20000,13/03/2018,Fixed Bonds,12/03/2023
411,95,100,21/01/2015,Notice Access,null
412,96,6000,23/12/2021,Fixed Bonds,22/12/2022
413,97,80000,01/10/2014,Notice Access,null
414,98,25000,06/03/2020,Easy Access,null
415,99,30000,21/04/2021,Fixed Bonds,20/04/2022
416,100,1000,25/08/2021,Notice Access,null
417,101,25000,01/10/2020,Fixed Bonds,30/09/2022
418,102,30828.81,09/01/2020,Easy Access,null
419,103,1000,04/06/2021,Fixed Bonds,03/06/2022
420,104,6000,19/11/2021,Notice Access,null
421,106,1500,28/10/2014,Notice Access,null
422,106,85000,08/04/2020,Easy Access,null
423,107,1000,26/09/2017,Fixed Bonds,25/09/2022
424,108,1000,14/02/2020,Notice Access,null
425,109,3000,14/07/2021,Fixed Bonds,13/07/2022
426,110,20000,15/12/2021,Fixed Bonds,14/12/2022
427,111,20000,15/11/2021,Fixed Bonds,14/11/2022
428,112,50000,27/11/2019,Easy Access,null
429,113,43000,11/03/2020,Fixed Bonds,10/03/2022
430,114,1395,01/12/2021,Easy Access,null
431,115,1000,16/04/2021,Fixed Bonds,15/04/2022
432,116,26500,09/07/2021,Notice Access,null
433,116,25000,18/01/2021,Notice Access,null
434,116,8000,03/06/2021,Fixed Bonds,30/08/2023
435,119,8000,26/04/2021,Notice Access,null
436,120,19978,15/04/2019,Fixed Bonds,08/07/2022
437,121,12520,04/05/2021,Notice Access,null
438,122,1000,31/08/2021,Fixed Bonds,22/06/2022
439,123,12500,10/07/2021,Easy Access,null
440,124,18000,12/11/2015,Fixed Bonds,08/01/2022
441,125,20000,18/04/2018,Easy Access,null
442,126,1000,23/06/2021,Fixed Bonds,25/04/2022
443,127,20000,09/07/2021,Fixed Bonds,29/04/2022
444,128,1000,08/06/2021,Fixed Bonds,02/06/2022
445,129,1000,30/04/2021,Fixed Bonds,17/01/2022
446,130,20621.74,06/09/2021,Notice Access,null
447,131,20000,15/10/2020,Easy Access,null
448,132,21000,12/08/2020,Easy Access,null
449,133,30000,02/09/2021,Fixed Bonds,01/09/2022
450,134,20000,24/06/2021,Fixed Bonds,23/06/2022
451,135,20000,22/01/2021,Easy Access,null
452,136,20000,23/02/2021,Easy Access,null
453,137,24000,12/05/2021,Fixed Bonds,11/05/2022
454,138,1000,20/05/2020,Easy Access,null
455,139,1,04/09/2020,Easy Access,null
456,140,1000,26/05/2021,Fixed Bonds,27/07/2022
457,141,12000,24/12/2021,Fixed Bonds,25/05/2022
458,142,53690.15,28/07/2021,Fixed Bonds,23/12/2022
459,143,5000,02/05/2018,Notice Access,null
460,144,20000,10/05/2019,Notice Access,null
461,145,78388.32,01/06/2020,Easy Access,null
462,146,85419.08,02/06/2021,Fixed Bonds,01/06/2022
463,147,16125.88,28/12/2017,Notice Access,null
464,148,84288.62,11/01/2021,Fixed Bonds,10/01/2026
465,149,15792.93,06/08/2021,Fixed Bonds,05/08/2022
466,150,41995.38,25/05/2021,Fixed Bonds,24/05/2023
467,151,25355.79,17/08/2020,Easy Access,null
468,152,1000,27/11/2019,Easy Access,null
469,153,25000,26/01/2021,Notice Access,null
470,154,10000,24/04/2018,Fixed Bonds,23/04/2023
471,155,15000,16/06/2021,Fixed Bonds,15/06/2022
472,156,21000,24/12/2019,Easy Access,null
473,157,6186.63,10/01/2017,Fixed Bonds,09/01/2022
474,158,34478.07,14/02/2017,Fixed Bonds,13/02/2022
475,159,16374.38,17/06/2021,Notice Access,null
476,160,7844.18,19/04/2021,Easy Access,null
477,161,37266.58,12/04/2021,Fixed Bonds,11/04/2022
478,162,44417.84,24/05/2019,Easy Access,null
479,163,6750,29/07/2021,Fixed Bonds,28/07/2022
480,164,12092.01,20/11/2020,Fixed Bonds,19/11/2023
481,165,85000,23/07/2020,Easy Access,null
482,166,1750,18/11/2020,Easy Access,null
483,167,100000,28/06/2021,Fixed Bonds,27/06/2022
484,168,35069.7,21/06/2021,Fixed Bonds,20/06/2023
485,169,85000,01/07/2021,Fixed Bonds,30/06/2022
486,170,84690,12/03/2020,Easy Access,null
487,171,68862.54,18/06/2019,Notice Access,null
488,172,15593.05,26/06/2020,Easy Access,null
489,173,70485.41,16/05/2017,Fixed Bonds,15/05/2022
490,174,32003.36,18/11/2021,Easy Access,null
491,175,16372,10/05/2021,Fixed Bonds,09/11/2022
492,176,12250.62,09/07/2020,Notice Access,null
493,177,76304.49,02/04/2020,Fixed Bonds,01/04/2022
494,178,87673.1,10/06/2021,Notice Access,null
495,179,2000,20/08/2021,Notice Access,null
496,180,1000,14/07/2020,Easy Access,null
497,181,10219.43,27/09/2021,Fixed Bonds,26/09/2022
498,182,20000,25/03/2021,Fixed Bonds,27/09/2023
499,183,20000,07/12/2021,Easy Access,null
500,184,5001,28/09/2021,Notice Access,null
501,185,69388.53,01/09/2020,Notice Access,null
502,186,12565.06,18/01/2017,Notice Access,null
503,187,20000,24/12/2021,Notice Access,null
504,188,31014.93,17/12/2019,Fixed Bonds,24/03/2022
505,189,10000.01,22/11/2021,Easy Access,null
506,190,14504.92,23/04/2021,Fixed Bonds,22/04/2022
507,191,70349.69,24/10/2017,Fixed Bonds,23/10/2022
508,192,47453.31,27/07/2021,Fixed Bonds,26/07/2022
509,193,4596,09/10/2020,Easy Access,null
510,194,5,23/01/2017,Notice Access,null
511,195,24931.1,08/03/2021,Easy Access,null
512,196,10000,05/05/2020,Fixed Bonds,04/05/2022
513,197,15000,28/03/2017,Fixed Bonds,27/03/2022
514,198,12676,03/06/2020,Fixed Bonds,02/06/2022
515,199,27832.57,06/02/2018,Fixed Bonds,05/02/2023
516,200,45745.92,16/10/2020,Easy Access,null
517,201,5049.33,07/04/2020,Easy Access,null
518,202,70000,31/12/2019,Notice Access,null
519,203,26269,13/05/2021,Fixed Bonds,12/05/2022
520,204,22546.61,05/12/2017,Fixed Bonds,04/12/2022
521,205,87645.58,09/07/2021,Fixed Bonds,08/07/2022
522,206,15345.59,06/03/2020,Easy Access,null
523,207,49477.28,29/12/2021,Notice Access,null
524,208,83419.86,12/08/2021,Fixed Bonds,11/08/2022
525,209,31401.33,28/06/2021,Fixed Bonds,25/01/2022
526,210,1251,12/11/2020,Notice Access,null
527,211,76564.55,26/01/2017,Fixed Bonds,25/10/2022
528,212,85000,26/10/2021,Easy Access,null
529,213,18250,14/03/2019,Notice Access,null
530,214,24039.33,06/06/2016,Notice Access,null
531,215,17404.57,07/02/2017,Fixed Bonds,06/02/2022
532,216,77099.46,27/03/2018,Fixed Bonds,26/03/2023
533,217,59673.91,13/07/2020,Easy Access,null
534,218,29564.35,07/09/2020,Fixed Bonds,06/09/2022
535,219,50001,09/03/2021,Notice Access,null
536,220,60312.2,13/07/2021,Fixed Bonds,12/07/2022
537,221,23127.52,23/04/2014,Notice Access,null
538,222,10000,25/11/2019,Easy Access,null
539,223,76760.72,26/07/2021,Fixed Bonds,25/07/2022
540,224,58365.29,08/06/2021,Fixed Bonds,07/06/2022
541,225,4752.76,07/04/2021,Fixed Bonds,06/04/2022
542,226,20122.31,19/04/2021,Fixed Bonds,18/04/2022
543,227,13904.6,24/06/2020,Easy Access,null
544,228,103410.7,20/06/2017,Fixed Bonds,19/06/2022
545,229,16764.23,08/03/2021,Fixed Bonds,07/03/2022
546,230,55073.94,04/05/2021,Notice Access,null
547,231,34332.11,04/01/2021,Notice Access,null
548,232,25858.9,19/11/2020,Notice Access,null
549,233,10000,05/12/2018,Notice Access,null
550,234,200000,09/05/2017,Fixed Bonds,08/05/2022
551,235,19675.89,30/10/2018,Easy Access,null
552,236,1000,17/12/2021,Fixed Bonds,16/12/2023
553,237,77765.68,13/10/2020,Fixed Bonds,12/10/2022
554,238,21685.64,08/11/2021,Fixed Bonds,07/11/2023
555,239,20000,29/08/2021,Fixed Bonds,28/08/2022
556,240,34668.24,18/06/2020,Fixed Bonds,17/06/2022
557,241,64926.83,25/03/2020,Notice Access,null
558,242,32569.56,27/09/2021,Fixed Bonds,21/07/2022
559,243,2000,16/11/2021,Fixed Bonds,26/09/2022
560,244,5009.38,08/12/2021,Fixed Bonds,15/11/2022
561,245,10015.04,22/07/2021,Fixed Bonds,07/12/2028
562,246,80000,02/02/2021,Fixed Bonds,01/02/2022
563,247,59127.41,03/10/2020,Easy Access,null
564,248,70381.04,02/07/2021,Fixed Bonds,01/07/2022
565,249,12962.56,17/08/2021,Notice Access,null
566,250,30000,05/04/2017,Notice Access,null
567,251,20120,01/01/2021,Easy Access,null
568,252,75000,03/11/2015,Notice Access,null
569,253,20616.68,07/04/2016,Notice Access,null
570,254,41446.75,25/05/2021,Fixed Bonds,24/05/2024
571,255,51386,26/05/2020,Easy Access,null
572,256,74030.2,12/02/2021,Notice Access,null
573,256,49794.9,14/01/2016,Notice Access,null
574,257,26141.45,19/11/2019,Notice Access,null
575,258,16131.18,07/01/2016,Notice Access,null
576,259,45542.3,29/01/2021,Fixed Bonds,28/01/2023
577,260,10000,16/01/2018,Fixed Bonds,15/01/2023
578,261,15197.75,08/04/2021,Notice Access,null
579,262,19135.44,08/03/2019,Notice Access,null
580,263,16131.18,01/12/2021,Fixed Bonds,30/11/2022
581,264,16225.06,20/02/2018,Fixed Bonds,19/02/2023
582,265,15496.03,17/12/2019,Easy Access,null
583,266,21426.2,30/01/2018,Fixed Bonds,29/01/2023
584,267,45000,09/06/2021,Fixed Bonds,08/06/2022
585,268,5561.29,19/03/2020,Easy Access,null
586,269,25826.73,04/05/2020,Easy Access,null
587,270,53623.47,17/02/2015,Notice Access,null
588,271,20882.41,26/11/2021,Fixed Bonds,25/11/2022
589,272,75278.91,10/12/2019,Notice Access,null
590,273,22480.81,07/02/2020,Easy Access,null
591,274,25507.76,14/05/2018,Notice Access,null
592,275,20000.55,06/03/2018,Fixed Bonds,05/03/2023
593,276,46394.46,26/05/2020,Easy Access,null
594,277,10842.86,15/04/2020,Easy Access,null
595,278,50898.33,20/05/2020,Easy Access,null
596,279,17444.76,28/04/2020,Easy Access,null
597,280,33689.88,19/02/2021,Easy Access,null
598,281,79397.53,08/04/2021,Fixed Bonds,07/04/2022
599,282,28028.45,16/03/2017,Notice Access,null
600,283,8463.46,07/10/2021,Fixed Bonds,06/10/2022
601,284,16925.71,16/11/2021,Fixed Bonds,25/03/2023
602,285,25260.5,26/09/2021,Notice Access,null
603,286,84500,17/10/2021,Fixed Bonds,08/01/2022
604,287,15000,01/03/2021,Notice Access,null
605,288,16266.45,14/06/2021,Notice Access,null
606,289,134453.84,19/08/2021,Fixed Bonds,21/11/2022
607,290,16371.85,31/08/2021,Notice Access,null
608,291,17355.24,09/07/2020,Fixed Bonds,16/10/2022
609,292,48510.65,28/01/2021,Fixed Bonds,26/04/2026
610,293,550000,24/07/2020,Fixed Bonds,04/02/2022
611,294,5783.72,12/10/2017,Fixed Bonds,01/06/2022
612,295,70942.54,28/04/2021,Easy Access,27/04/2022
613,296,76964.2,01/12/2021,Fixed Bonds,08/02/2022
614,297,27451.62,01/08/2020,Fixed Bonds,30/11/2022
615,298,102501.19,28/01/2021,Fixed Bonds,30/08/2022
616,299,107380.68,02/06/2021,Fixed Bonds,06/09/2022
617,300,340048.34,10/11/2021,Fixed Bonds,23/07/2022
618,301,85000,27/04/2021,Fixed Bonds,27/01/2026
619,302,10000,07/09/2021,Fixed Bonds,27/01/2028
620,303,40000,22/11/2021,Fixed Bonds,11/03/2022
621,304,85000,09/07/2021,Fixed Bonds,31/07/2023
622,308,80429.15,05/02/2021,Notice Access,null
623,309,14500,09/02/2021,Easy Access,null
624,309,49915,12/03/2021,Fixed Bonds,null
625,309,70000,12/03/2021,Fixed Bonds,11/03/2022
626,310,85000,06/07/2021,Easy Access,null
627,311,69829.42,22/08/2021,Fixed Bonds,21/08/2022
628,312,101000,24/01/2017,Fixed Bonds,23/01/2022
629,313,1,24/02/2015,Notice Access,null
630,314,59819.94,03/02/2021,Fixed Bonds,02/02/2022
631,315,1001,29/07/2019,Easy Access,null
632,316,2500,01/05/2018,Fixed Bonds,30/04/2024
633,318,2001,12/06/2018,Fixed Bonds,11/06/2023
634,319,15000,01/05/2018,Fixed Bonds,30/04/2023
635,320,20000,10/12/2019,Notice Access,null
636,322,2505,17/06/2021,Fixed Bonds,16/06/2022
637,323,30400,01/12/2020,Notice Access,null
638,325,17000,05/12/2021,Fixed Bonds,04/12/2022
639,326,20017.6,31/05/2012,Notice Access,null
640,331,20000,12/07/2021,Fixed Bonds,11/07/2022
641,332,4000,13/05/2020,Easy Access,null
642,334,48900,29/08/2012,Notice Access,null
643,335,1000,05/11/2014,Notice Access,null
644,336,1000,24/06/2020,Fixed Bonds,23/06/2022
645,337,1000,10/12/2021,Fixed Bonds,09/12/2022
646,338,1000,15/06/2021,Fixed Bonds,14/06/2022
647,339,10000,28/07/2021,Fixed Bonds,27/07/2022
648,340,1000,11/01/2021,Fixed Bonds,10/01/2026
649,341,20000,11/11/2021,Fixed Bonds,10/05/2022
650,342,20000,20/05/2021,Easy Access,null
651,343,75000,18/11/2013,Notice Access,null
652,344,25000,09/08/2021,Fixed Bonds,08/08/2022
653,345,20000,31/01/2017,Fixed Bonds,30/01/2022
654,346,20000,29/01/2021,Notice Access,null
655,347,1000.01,10/06/2013,Notice Access,null
656,348,10010,03/12/2013,Notice Access,null
657,349,1000,08/01/2015,Notice Access,null
658,350,40000,21/01/2014,Notice Access,null
659,351,1000,29/07/2020,Fixed Bonds,28/01/2022
660,352,20000,28/07/2016,Notice Access,null
661,353,61824.52,28/09/2021,Fixed Bonds,27/09/2023
662,354,2000,17/05/2021,Fixed Bonds,16/05/2022
663,355,10,04/04/2016,Notice Access,null
664,356,10,21/09/2021,Easy Access,null
665,357,45000,30/04/2021,Fixed Bonds,29/04/2022
666,358,15000,05/05/2021,Fixed Bonds,04/05/2026
667,359,40000,13/02/2018,Fixed Bonds,12/02/2023
668,360,3180,10/05/2012,Notice Access,null
669,361,10000,01/10/2021,Fixed Bonds,30/09/2022
670,362,14000,16/10/2018,Notice Access,null
671,363,16526.29,27/06/2020,Easy Access,null
672,364,23000,01/10/2014,Notice Access,null
673,365,20000,29/09/2014,Notice Access,null
674,366,3000,14/06/2021,Notice Access,null
675,367,4350,23/06/2021,Fixed Bonds,22/06/2022
676,368,1000,14/06/2020,Fixed Bonds,13/06/2025
677,369,1000,23/08/2021,Fixed Bonds,22/08/2022
678,370,1000,04/11/2019,Notice Access,null
679,371,1500,29/07/2019,Fixed Bonds,28/07/2024
680,372,20000,03/06/2021,Notice Access,null
681,373,21129.15,17/07/2018,Fixed Bonds,16/07/2024
682,374,1050,06/09/2021,Fixed Bonds,05/09/2022
683,375,85000,29/06/2021,Fixed Bonds,28/06/2022
684,376,5000,17/01/2017,Fixed Bonds,16/01/2022
685,377,1100,04/03/2020,Fixed Bonds,03/03/2022
686,378,20000,21/01/2020,Easy Access,null
687,379,25000,12/06/2020,Easy Access,null
688,380,1000,28/02/2021,Fixed Bonds,27/02/2023
689,381,1000,23/10/2017,Notice Access,null
690,382,85000,27/09/2013,Notice Access,null
691,383,1501,09/01/2018,Fixed Bonds,08/01/2023
692,384,10450,18/03/2019,Fixed Bonds,17/03/2022
693,385,1000,15/05/2018,Fixed Bonds,14/05/2023
694,386,10000,01/10/2019,Fixed Bonds,30/09/2026
695,387,20000,14/02/2019,Easy Access,null
696,388,20000,04/04/2017,Fixed Bonds,03/04/2022
697,389,40000,04/08/2021,Fixed Bonds,03/08/2022
698,390,20000,03/12/2020,Easy Access,null
699,391,5000,12/07/2021,Fixed Bonds,11/07/2022
700,392,61000,13/10/2020,Easy Access,null
701,393,20000,11/06/2021,Notice Access,null
702,394,1000,15/01/2021,Fixed Bonds,14/01/2022
703,1215,2002,18/05/2018,Notice Access,null
704,1214,10000,02/08/2021,Fixed Bonds,01/08/2022
705,1213,5000,11/03/2021,Fixed Bonds,10/03/2022
706,1212,9601.24,24/07/2019,Easy Access,null
707,1313,100,30/03/2020,Easy Access,null
708,1312,1000,30/07/2020,Easy Access,null
709,1088,51000,26/05/2021,Fixed Bonds,25/05/2023
710,1087,50000,15/09/2020,Easy Access,null
711,1086,18579.01,26/03/2020,Easy Access,null
712,1085,80000,13/08/2021,Fixed Bonds,12/08/2022
713,1084,1000,25/02/2021,Fixed Bonds,24/02/2022
714,1083,60515.11,05/09/2017,Fixed Bonds,04/09/2023
715,1168,8000,09/05/2021,Fixed Bonds,08/05/2022
716,1167,1000,25/10/2019,Notice Access,null
717,1166,1200,22/09/2021,Notice Access,null
718,1165,20676.61,11/05/2021,Fixed Bonds,10/11/2022
719,1164,44000,23/10/2020,Easy Access,null
720,1163,1000,18/01/2021,Notice Access,null
721,1372,21090.38,22/12/2021,Fixed Bonds,21/12/2022
722,1371,101000,02/09/2021,Fixed Bonds,14/11/2022
723,1370,1000,03/09/2021,Fixed Bonds,01/09/2022
724,1369,1000,21/10/2021,Fixed Bonds,02/09/2022
725,1368,85000,15/11/2021,Easy Access,null
726,1367,1000,03/11/2021,Fixed Bonds,02/11/2022
727,1096,15000,12/02/2020,Fixed Bonds,11/02/2022
728,1096,82000,07/07/2021,Fixed Bonds,06/07/2022
729,1091,2000,17/12/2019,Easy Access,null
730,1090,41002,10/12/2020,Easy Access,null
731,1089,30000,14/07/2020,Easy Access,null
732,1173,20000,26/05/2020,Fixed Bonds,25/05/2022
733,1172,10000,12/12/2019,Notice Access,null
734,1171,1000,05/11/2015,Notice Access,null
735,1170,35300,11/02/2021,Fixed Bonds,10/02/2022
736,1169,11000,29/05/2021,Easy Access,null
737,1366,20000,12/03/2021,Fixed Bonds,11/03/2022
738,1366,10000,29/07/2020,Fixed Bonds,28/01/2022
739,1364,100,02/02/2021,Notice Access,null
740,1362,10100,22/06/2020,Notice Access,null
741,1360,55000,07/08/2020,Easy Access,null
742,1358,20000,03/08/2020,Easy Access,null
743,1356,1000,18/02/2021,Easy Access,null
744,1354,12000,27/04/2021,Easy Access,null
745,1352,20000,04/01/2021,Fixed Bonds,03/01/2026
746,1350,50000,22/02/2021,Fixed Bonds,21/02/2026
747,1348,10000,05/10/2020,Notice Access,null
748,1346,1243.89,01/02/2021,Easy Access,null
749,1344,68360,15/02/2021,Fixed Bonds,14/02/2022
750,1162,24000,27/02/2020,Notice Access,null
751,1161,66000,15/07/2021,Easy Access,null
752,1160,10,12/02/2021,Easy Access,null
753,1159,33791.33,02/12/2021,Easy Access,null
754,1158,14000,21/06/2019,Notice Access,null
755,1157,1000,15/10/2019,Notice Access,null
756,1156,13000,05/06/2020,Notice Access,null
757,1155,20000,26/03/2021,Fixed Bonds,17/08/2022
758,1154,1000,01/07/2021,Notice Access,null
759,1153,1000,27/03/2021,Fixed Bonds,09/09/2022
760,1152,5000,16/02/2021,Fixed Bonds,15/08/2023
761,1151,31000,22/08/2019,Fixed Bonds,10/11/2022
762,1150,1,09/11/2017,Easy Access,null
763,1149,34000,02/02/2018,Fixed Bonds,30/06/2022
764,1148,124999,05/05/2020,Fixed Bonds,25/10/2022
765,1147,10000,26/10/2021,Fixed Bonds,null
766,1146,1000,26/11/2021,Easy Access,null
767,1145,17500,16/08/2021,Fixed Bonds,22/06/2022
768,1144,1000,04/08/2021,Fixed Bonds,04/05/2024
769,1143,26100,16/07/2021,Fixed Bonds,09/05/2022
770,1142,1000,10/05/2021,Notice Access,null
771,1141,83000,20/05/2021,Notice Access,null
772,1140,80000,29/04/2021,Fixed Bonds,19/05/2022
773,1139,75000,23/06/2021,Fixed Bonds,15/01/2023
774,1136,12000,26/10/2021,Notice Access,null
775,1111,1000,17/02/2021,Fixed ISA,16/02/2028
776,1110,20000,06/02/2021,Notice Access,null
777,1110,3600,06/07/2020,Notice Access,null
778,1109,28500,18/08/2021,Fixed Bonds,04/05/2022
779,1106,1000,11/11/2021,Notice Access,null
780,1105,5000,05/05/2021,Fixed Bonds,04/06/2023
781,1104,51000,02/02/2021,Fixed Bonds,21/08/2024
782,1103,1000,21/11/2019,Fixed Bonds,28/04/2022
783,1102,7500,14/11/2016,Fixed Bonds,26/03/2022
784,1101,7200,19/11/2021,Fixed Bonds,05/02/2022
785,1100,19000,11/05/2021,Notice Access,null
786,1099,50167.43,11/08/2021,Fixed Bonds,10/05/2022
787,1098,4000,10/09/2021,Notice Access,null
788,1097,20000,10/09/2021,Fixed Bonds,09/09/2023
789,1172,20000,26/05/2020,Easy Access ISA,null
790,1173,14001,28/09/2021,Notice Access,null
791,1174,20000,12/05/2021,Fixed Bonds,01/02/2022
792,1175,7000,26/05/2020,Easy Access ISA,11/05/2022
793,1176,5000,07/06/2021,Fixed Bonds,06/06/2022
794,1177,1000,03/03/2020,Notice Access,null
795,1177,6000,29/07/2020,Fixed Bonds,28/07/2022
796,1176,20000,15/04/2020,Fixed Bonds,14/04/2022
797,1175,80173.39,14/06/2021,Fixed Bonds,13/06/2022
798,1174,4000,04/05/2020,Easy Access,null
799,1211,5000,01/07/2016,Notice Access,null
800,1211,1000,01/10/2019,Notice Access,null
801,1206,20000,01/10/2020,Notice Access,null
802,1205,2010,22/05/2020,Easy Access,null
803,1205,20000,22/02/2018,Fixed Bonds,21/02/2025
804,1203,1001,05/02/2020,Easy Access,null
805,1202,1000,01/06/2021,Easy Access,null
806,1229,1,01/06/2020,Easy Access,null
807,1228,20000,04/05/2021,Fixed Bonds,03/05/2022
808,1227,83691.64,20/02/2020,Easy Access,null
809,1226,7958.32,08/11/2021,Easy Access,null
810,1225,20097.51,23/03/2020,Easy Access,null
811,1224,24806.63,02/08/2012,Notice Access,null
812,509,18296.99,27/03/2018,Fixed Bonds,26/03/2023
813,1167,7000,30/01/2021,Fixed Bonds,29/01/2023
814,1168,30000,03/06/2016,Notice Access,null
815,1169,1000,16/11/2020,Notice Access,null
816,1170,1000,05/06/2020,Easy Access,null
817,1171,1000,11/05/2021,Fixed Bonds,10/05/2022
818,1187,14000,06/08/2021,Fixed Bonds,05/08/2022
819,1186,56000,20/02/2021,Easy Access,null
820,1185,1000,02/05/2017,Fixed Bonds,01/05/2022
821,1184,20000,07/10/2014,Notice Access,null
822,1183,3000,11/07/2017,Notice Access,null
823,1182,15000,25/06/2021,Fixed Bonds,24/06/2022
824,506,84500,31/10/2017,Fixed Bonds,30/10/2022
825,1079,65000,10/06/2020,Easy Access,null
826,506,12000,31/08/2018,Notice Access,null
827,508,12500,03/12/2020,Notice Access,null
828,734,1000,11/02/2020,Notice Access,null
829,488,55000,23/08/2021,Fixed ISA,22/08/2022
830,1254,76000,14/10/2019,Fixed Bonds,13/10/2026
831,560,84006.3,21/01/2019,Easy Access,null
832,511,10000,25/02/2021,Fixed ISA,24/02/2022
833,513,1000,04/10/2017,Notice Access,null
834,514,1000,25/11/2019,Easy Access,null
835,515,25000,01/08/2020,Fixed Bonds,31/01/2022
836,516,47575.64,11/12/2019,Notice Access,null
837,517,199999,30/11/2020,Easy Access,null
838,518,27000,09/11/2020,Easy Access,null
839,519,1000,16/11/2021,Notice Access,null
840,520,40500,29/08/2019,Fixed Bonds,28/08/2024
841,522,7000,09/05/2018,Fixed ISA,08/05/2023
842,524,25000,11/05/2020,Fixed ISA,10/05/2025
843,526,10000,01/06/2021,Fixed Bonds,31/05/2022
844,528,27000,29/11/2019,Easy Access,null
845,734,4700,05/05/2020,Easy Access ISA,null
846,1180,8000,15/07/2021,Easy Access,null
847,1179,20000,28/09/2021,Easy Access,null
848,1178,64000,25/04/2018,Easy Access ISA,null
849,1178,1000,03/08/2020,Easy Access,null
850,1102,70000,05/07/2021,Fixed Bonds,04/07/2022
851,1181,5000,05/08/2021,Fixed Bonds,04/08/2022
852,1181,1000,13/05/2021,Fixed Bonds,12/11/2022
853,734,79630.84,06/02/2013,Notice Access,null
854,517,51000,01/07/2020,Easy Access,null
855,565,50000,27/05/2020,Fixed Bonds,26/05/2022
856,565,500,29/06/2020,Notice Access,null
857,559,20000,15/11/2021,Notice Access,null
858,1102,10000,05/05/2017,Fixed Bonds,17/08/2025
859,1255,46000,12/06/2020,Easy Access,null
860,559,1000,14/01/2021,Notice Access,null
861,1292,5000,18/08/2020,Fixed Bonds,13/01/2026
862,540,51000,01/04/2020,Fixed Bonds,31/03/2022
863,563,100,13/05/2021,Easy Access,null
864,629,15441,31/12/2020,Notice Access,null
865,566,1000,27/04/2021,Easy Access,null
866,561,20007.39,11/11/2020,Fixed Bonds,10/11/2025
867,568,23656.86,23/08/2021,Fixed Bonds,22/08/2026
868,569,7000,23/08/2021,Fixed Bonds,22/08/2026
869,570,10001,18/03/2020,Notice Access,null
870,571,2000,25/06/2021,Fixed ISA,24/06/2023
871,572,58849.7,14/08/2020,Fixed Bonds,13/08/2023
872,573,10000,11/06/2021,Fixed Bonds,10/06/2022
873,574,5000,08/06/2020,Notice Access,null
874,575,27711.12,28/05/2014,Notice Access,null
875,576,4550,23/08/2012,Notice Access,null
876,577,62597.61,30/11/2021,Fixed Bonds,29/11/2023
877,578,20000,05/08/2021,Fixed Bonds,04/08/2026
878,579,13107.6,05/02/2021,Fixed Bonds,04/02/2023
879,580,17247.5,17/11/2021,Fixed Bonds,14/01/2022
880,581,52500,15/07/2021,Notice Access,null
881,582,10000,18/07/2020,Fixed Bonds,17/01/2022
882,583,73232.61,08/12/2020,Fixed Bonds,07/12/2022
883,584,73330.59,29/09/2017,Fixed Bonds,28/09/2022
884,585,75518.74,26/09/2017,Fixed Bonds,25/09/2022
885,586,20944.22,20/06/2020,Easy Access,null
886,590,41743.62,08/05/2017,Fixed Bonds,07/05/2022
887,591,6537.45,31/07/2020,Fixed Bonds,30/07/2022
888,567,40100,27/04/2020,Fixed Bonds,26/04/2022
889,597,15313.67,03/12/2020,Notice Access,null
890,598,5664.88,27/11/2020,Easy Access,null
891,599,6000,21/09/2021,Fixed Bonds,10/01/2026
892,600,25000,11/01/2021,Fixed Bonds,20/03/2022
893,601,30000,12/05/2020,Notice Access,null
894,603,20000,10/09/2020,Fixed Bonds,09/09/2023
895,604,1001,09/03/2017,Notice Access,null
896,605,10450.8,20/04/2020,Fixed ISA,19/04/2023
897,606,20822.92,02/09/2020,Easy Access,null
898,608,29518.61,18/08/2021,Fixed Bonds,17/08/2022
899,609,1947.87,11/08/2021,Fixed Bonds,10/08/2022
900,593,25005,03/08/2021,Notice Access,null
901,594,29878.73,26/10/2021,Fixed Bonds,25/10/2022
902,595,16509.99,31/12/2021,Fixed Bonds,30/12/2022
903,596,43983.34,14/05/2018,Fixed Bonds,13/05/2023
904,611,52090.63,14/05/2018,Fixed Bonds,13/05/2023
905,627,63029.79,09/07/2021,Fixed Bonds,08/07/2022
906,610,3144.24,02/05/2018,Fixed Bonds,01/05/2023
907,612,20984.47,27/07/2020,Fixed Bonds,26/07/2022
908,613,37723.12,07/10/2014,Notice Access,null
909,614,1000,10/06/2020,Easy Access ISA,null
910,615,85000,11/05/2020,Easy Access,null
911,616,12200,27/04/2020,Easy Access ISA,null
912,617,8000,13/05/2020,Easy Access,null
913,618,30320.2,19/07/2021,Fixed Bonds,18/07/2026
914,619,5375.37,12/06/2021,Fixed Bonds,11/06/2026
915,621,1000,29/05/2020,Easy Access,null
916,621,72941.89,10/06/2020,Easy Access,null
917,622,10841.58,24/12/2021,Easy Access ISA,null
918,622,29605.47,17/07/2020,Fixed Bonds,16/07/2022
919,623,14853.04,11/03/2021,Fixed Bonds,10/03/2022
920,624,27553.94,08/06/2021,Fixed Bonds,07/06/2022
921,625,12240.21,06/05/2021,Fixed Bonds,05/05/2022
922,626,20000,14/04/2020,Fixed ISA,13/04/2022
923,628,105000,20/04/2020,Fixed ISA,19/04/2022
924,564,17755.24,06/05/2020,Fixed ISA,05/05/2023
925,630,20000,29/04/2020,Easy Access ISA,null
926,630,10646.9,07/06/2020,Fixed Bonds,06/06/2023
927,641,60388.03,15/03/2021,Fixed Bonds,14/03/2026
928,642,66000,23/10/2020,Fixed Bonds,22/10/2022
929,643,54054.61,01/07/2013,Notice Access,null
930,644,72902.95,29/06/2016,Notice Access,null
931,645,70000,25/03/2020,Notice Access,null
932,646,60610.63,02/05/2021,Fixed Bonds,01/05/2022
933,647,29603.83,02/07/2020,Easy Access,null
934,648,21607.61,04/08/2021,Notice Access,null
935,717,2200,12/01/2020,Notice Access,null
936,718,16374.83,10/03/2021,Easy Access,null
937,719,1000,10/10/2014,Notice Access,null
938,721,6451.05,03/01/2017,Fixed Bonds,02/01/2022
939,722,45514.09,01/12/2021,Fixed Bonds,31/05/2023
940,722,81351.65,04/04/2016,Notice Access,null
941,723,3000,23/05/2013,Notice Access,null
942,724,10619.3,10/04/2019,Easy Access,null
943,648,55396.74,23/01/2021,Easy Access,null
944,651,12378.42,27/11/2019,Easy Access,null
945,651,69148.68,16/04/2019,Fixed Bonds,15/04/2022
946,653,63788.89,13/05/2019,Fixed Bonds,12/05/2022
947,655,15238.66,27/05/2020,Easy Access,null
948,657,11117.49,04/12/2020,Notice Access,null
949,469,20000,17/04/2019,Fixed ISA,16/04/2024
950,470,20000,30/03/2020,Easy Access,null
951,471,76176.16,30/11/2019,Easy Access,null
952,472,43616.67,16/08/2020,Notice Access,null
953,473,4524.3,29/08/2018,Easy Access,null
954,474,20000,06/05/2020,Easy Access ISA,null
955,475,15540.1,10/07/2021,Fixed Bonds,09/07/2023
956,659,8000,08/08/2019,Fixed Bonds,07/08/2024
957,661,33659.11,11/05/2020,Easy Access ISA,null
958,704,25017.95,01/06/2021,Notice Access,null
959,705,80834.64,27/06/2020,Easy Access,null
960,703,66320.83,22/07/2021,Easy Access,null
961,725,20404.32,19/12/2021,Fixed Bonds,18/06/2023
962,726,20080.16,23/04/2019,Fixed ISA,22/04/2024
963,727,49976.99,17/06/2020,Fixed Bonds,16/06/2022
964,727,58000,23/12/2019,Notice Access,null
965,727,94331.45,13/05/2020,Easy Access,null
966,728,6570.34,03/02/2021,Notice Access,null
967,706,24027.77,12/02/2021,Fixed Bonds,11/02/2022
968,707,14259.35,13/01/2016,Notice Access,null
969,708,65920.59,25/02/2021,Notice Access,null
970,732,48951.12,21/04/2015,Notice Access,null
971,733,46445.35,08/07/2021,Notice Access,null
972,479,20335.62,15/08/2021,Fixed Bonds,14/08/2022
973,480,27002.98,24/01/2020,Easy Access,null
974,481,6621.45,29/08/2021,Easy Access,null
975,483,6269.85,16/04/2021,Fixed Bonds,15/04/2023
976,484,85263.69,16/09/2019,Notice Access,null
977,489,20096.83,08/05/2018,Fixed Bonds,07/05/2023
978,490,63482.24,15/09/2021,Easy Access,null
979,492,6005,20/06/2018,Easy Access,null
980,493,1000,10/12/2020,Easy Access,null
981,494,50720.72,08/06/2020,Notice Access,null
982,496,19640.69,20/09/2021,Fixed Bonds,19/09/2022
983,497,16420.62,05/04/2019,Fixed Bonds,04/04/2022
984,500,2000,14/06/2020,Fixed Bonds,13/06/2022
985,501,20375.75,03/12/2020,Easy Access,null
986,502,20404.32,07/12/2019,Easy Access,null
987,503,6471.18,15/08/2019,Notice Access,null
988,504,14545.04,25/03/2021,Fixed Bonds,24/09/2022
989,505,1000,12/11/2021,Easy Access,null
990,711,1000,08/07/2021,Easy Access,null
991,714,20000,20/04/2020,Easy Access,null
992,715,15137.76,23/01/2020,Notice Access,null
993,716,47633.74,04/05/2020,Notice Access,null
994,729,19640.69,14/02/2020,Notice Access,null
995,730,6513.98,30/12/2020,Fixed Bonds,29/12/2025
996,731,25126.02,18/11/2021,Easy Access ISA,null
997,562,30760.64,03/12/2020,Fixed Bonds,02/12/2025
998,737,4152.01,11/11/2021,Easy Access ISA,null
999,1316,17222.54,12/03/2020,Notice Access,null
1000,1234,25620.23,01/04/2020,Notice Access,null
